src_ip,dest_ip,proto,src_port,dest_port,alert.severity,anomaly_score,prediction
0.9999999981437092,1.0,1.0,0.7399486740804107,0.0513058693914583,0.0,0.08598033759066326,1
0.9999999987624728,0.2700643730437013,1.0,0.5437797873640474,0.0095698947959646,0.0,-0.21994651603049276,-1
0.9999999981437092,1.0,1.0,0.9399822803372846,0.0513058693914583,0.0,0.056947579890701816,1
0.9999999981437092,1.0,1.0,0.3198857387266284,0.0513058693914583,0.0,0.05372770818797712,1
0.9999999981437092,1.0,1.0,0.8555083710130759,0.0513058693914583,0.0,0.07703098493113164,1
0.9999999981437092,1.0,1.0,0.7531162165464989,0.0513058693914583,0.0,0.09625697189949944,1
0.9999999981437092,1.0,1.0,0.4482921911279481,0.0513058693914583,0.0,0.07941745609411616,1
0.9999999981437092,1.0,1.0,0.2587070756446291,0.0513058693914583,0.0,0.0323315960687417,1
0.9999999981437092,1.0,1.0,0.3753818892826592,0.0513058693914583,0.0,0.06329753403185218,1
0.9999999981437092,1.0,1.0,0.7756476842233899,0.0513058693914583,0.0,0.09375332450272345,1
0.0,0.0,0.0,0.0,0.0,0.0,-0.31706540340274547,-1
0.0,0.0,0.0,0.0,0.0,0.0,-0.31706540340274547,-1
0.0,0.0,0.0,0.0,0.0,0.0,-0.31706540340274547,-1
0.0,0.0,0.0,0.0,0.0,0.0,-0.31706540340274547,-1
0.9999999981437092,1.0,1.0,0.5333312965904925,0.0513058693914583,0.0,0.0953718233656986,1
1.0,0.9999999981437092,1.0,0.0362794818526212,0.5862694692272796,0.0,-0.22965031145972836,-1
0.9999999981437092,1.0,1.0,1.0,0.0513058693914583,0.0,-0.04365925274498328,-1
0.9999999981437092,1.0,1.0,0.5681290480263962,0.0513058693914583,0.0,0.07873838084671858,1
0.9999999981437092,1.0,1.0,0.9942869363314188,0.0513058693914583,0.0,-0.002333051983794965,-1
0.9999999981437092,1.0,1.0,0.5277098863497495,0.0513058693914583,0.0,0.08809415417746241,1
0.9999999981437092,1.0,1.0,0.6203103996089454,0.0513058693914583,0.0,0.08323055148857916,1
0.9999999981437092,1.0,1.0,0.6896767689111573,0.0513058693914583,0.0,0.07369914083666562,1
1.0,0.9999999981437092,1.0,0.0362794818526212,0.9383897517876044,0.0,-0.28130102884292585,-1
0.9999999981437092,1.0,1.0,0.7964530123426616,0.0513058693914583,0.0,0.07998312693757381,1
0.9999999981437092,1.0,1.0,0.6297812538188928,0.0513058693914583,0.0,0.08532848834445605,1
0.9999999981437092,1.0,1.0,0.8843639252108029,0.0513058693914583,0.0,0.08238945179544288,1
0.9999999981437092,1.0,1.0,0.993798118049615,0.0513058693914583,0.0,0.0009998794216263818,1
0.9999999981437092,1.0,1.0,0.9961200048881828,0.0513058693914583,0.0,-0.006307638622501277,-1
0.9999999981437092,1.0,1.0,0.3274624220945863,0.0513058693914583,0.0,0.04851505616867102,1
0.9999999981437092,1.0,1.0,0.8872357326163999,0.0513058693914583,0.0,0.07757769825635313,1
0.9999999981437092,1.0,1.0,0.4053525601857509,0.0513058693914583,0.0,0.060336915747181474,1
0.9999999981437092,1.0,1.0,0.3451515336673592,0.0513058693914583,0.0,0.0478308353261887,1
0.9999999981437092,1.0,1.0,0.55179946229989,0.0513058693914583,0.0,0.09235519561257993,1
0.9999999981437092,1.0,1.0,0.5896370524257607,0.0513058693914583,0.0,0.09065066774788855,1
0.9999999981437092,1.0,1.0,0.298133325186362,0.0513058693914583,0.0,0.03383758265087572,1
0.9999999981437092,1.0,1.0,0.3982799706709031,0.0513058693914583,0.0,0.06339299311690394,1
0.9999999981437092,1.0,1.0,0.3247891971159721,0.0513058693914583,0.0,0.0494206540800502,1
0.9999999981437092,1.0,1.0,0.8574941952829036,0.0513058693914583,0.0,0.07932896614384038,1
0.9999999981437092,1.0,1.0,0.7597916412073812,0.0513058693914583,0.0,0.09551632460414594,1
0.9999999981437092,1.0,1.0,0.8340767444702432,0.0513058693914583,0.0,0.084935633742655,1
0.9999999981437092,1.0,1.0,0.9974489795918368,0.0513058693914583,0.0,-0.017803656627987552,-1
0.9999999981437092,1.0,1.0,0.9879017475253574,0.0513058693914583,0.0,0.017065275273323133,1
0.9999999981437092,1.0,1.0,0.3597549798362459,0.0513058693914583,0.0,0.05851798545964487,1
0.9999999981437092,1.0,1.0,0.2997983624587559,0.0513058693914583,0.0,0.03468550286807842,1
0.9999999981437092,1.0,1.0,0.8236282536966882,0.0513058693914583,0.0,0.08137878747988209,1
0.9999999981437092,1.0,1.0,0.6050042771599657,0.0513058693914583,0.0,0.09032587843739104,1
0.9999999981437092,1.0,1.0,0.4951576438958817,0.0513058693914583,0.0,0.09403916057536849,1
0.9999999981437092,1.0,1.0,0.7603568373457167,0.0513058693914583,0.0,0.09579142278566555,1
0.9999999981437092,1.0,1.0,0.988085054381034,0.0513058693914583,0.0,0.01594705891771403,1
0.9999999981437092,1.0,1.0,0.2519247219846022,0.0513058693914583,0.0,0.013602756128794524,1
0.9999999981437092,1.0,1.0,0.9081632653061223,0.0513058693914583,0.0,0.0547794764929771,1
0.9999999981437092,1.0,1.0,0.4521874618110717,0.0513058693914583,0.0,0.08200266199517164,1
0.9999999981437092,1.0,1.0,0.5882622510081877,0.0513058693914583,0.0,0.09216316835855964,1
0.9999999981437092,1.0,1.0,0.8311591103507271,0.0513058693914583,0.0,0.08050650150921884,1
0.9999999981437092,1.0,1.0,0.6359373090553587,0.0513058693914583,0.0,0.0891425098608793,1
0.9999999981437092,1.0,1.0,0.2847213735793719,0.0513058693914583,0.0,0.02767428681295958,1
0.9999999981437092,1.0,1.0,0.7730050103873884,0.0513058693914583,0.0,0.09608780141419215,1
0.9999999981437092,1.0,1.0,0.7773738237810094,0.0513058693914583,0.0,0.09413633808140509,1
0.9999999981437092,1.0,1.0,0.4961658316021019,0.0513058693914583,0.0,0.09403916057536849,1
0.9999999981437092,1.0,1.0,0.3468165709397531,0.0513058693914583,0.0,0.04580538695866904,1
0.9999999981437092,1.0,1.0,0.7322650617133081,0.0513058693914583,0.0,0.08841009972068914,1
0.9999999981437092,1.0,1.0,0.8416839789808139,0.0513058693914583,0.0,0.06977733058874452,1
0.9999999981437092,1.0,1.0,0.4024654772088476,0.0513058693914583,0.0,0.062423019770741606,1
0.9999999981437092,1.0,1.0,0.8636502505193694,0.0513058693914583,0.0,0.08597887825261474,1
0.9999999981437092,1.0,1.0,0.8637724550898204,0.0513058693914583,0.0,0.08569713879130186,1
0.9999999981437092,1.0,1.0,0.2474337040205303,0.0513058693914583,0.0,-0.010295387757185637,-1
0.9999999981437092,1.0,1.0,0.7050134425027496,0.0513058693914583,0.0,0.08691967029188846,1
0.9999999981437092,1.0,1.0,0.2640688011731639,0.0513058693914583,0.0,0.034861463787777214,1
0.9999999981437092,1.0,1.0,0.7700568251252596,0.0513058693914583,0.0,0.0961929342570439,1
0.9999999981437092,1.0,1.0,0.6570939753146767,0.0513058693914583,0.0,0.08548409223854131,1
0.9999999981437092,1.0,1.0,0.4516222656727361,0.0513058693914583,0.0,0.08274932074319141,1
0.9999999981437092,1.0,1.0,0.8810185750947085,0.0513058693914583,0.0,0.08069249581703708,1
0.9999999981437092,1.0,1.0,0.7229011365025052,0.0513058693914583,0.0,0.08710087677215472,1
0.9999999981437092,1.0,1.0,0.7873029451301479,0.0513058693914583,0.0,0.08355756501326067,1
0.9999999981437092,1.0,1.0,0.648982646950996,0.0513058693914583,0.0,0.08694899676785639,1
0.9999999981437092,1.0,1.0,0.4572284003421728,0.0513058693914583,0.0,0.08415166579308742,1
0.9999999981437092,1.0,1.0,0.8892368324575339,0.0513058693914583,0.0,0.08046716077970462,1
0.9999999981437092,1.0,1.0,0.4401044849077355,0.0513058693914583,0.0,0.07378448029955365,1
0.9999999981437092,1.0,1.0,0.3800562141024074,0.0513058693914583,0.0,0.07268890900313246,1
0.9999999981437092,1.0,1.0,0.4860686789685934,0.0513058693914583,0.0,0.0922173926976752,1
0.9999999981437092,1.0,1.0,0.9193602590736892,0.0513058693914583,0.0,0.04676190685195547,1
0.9999999981437092,1.0,1.0,0.5424966393743126,0.0513058693914583,0.0,0.09639159998137287,1
0.9999999981437092,1.0,1.0,0.9505071489673714,0.0513058693914583,0.0,0.05062090394163066,1
0.9999999981437092,1.0,1.0,0.7829799584504461,0.0513058693914583,0.0,0.08646267587778556,1
0.9999999981437092,1.0,1.0,0.9525082488085056,0.0513058693914583,0.0,0.04400094850846398,1
0.9999999981437092,1.0,1.0,0.4021294146401075,0.0513058693914583,0.0,0.062045351245253455,1
0.9999999981437092,1.0,1.0,0.8807130636685812,0.0513058693914583,0.0,0.08211398974002915,1
0.9999999981437092,1.0,1.0,0.8691036294757424,0.0513058693914583,0.0,0.07876686168911723,1
0.9999999981437092,1.0,1.0,0.3955609189783698,0.0513058693914583,0.0,0.06863908465228613,1
0.9999999981437092,1.0,1.0,0.5654099963338629,0.0513058693914583,0.0,0.08306217105901825,1
0.9999999981437092,1.0,1.0,0.6266192105584749,0.0513058693914583,0.0,0.08338383959399448,1
0.9999999981437092,1.0,1.0,0.889450690455823,0.0513058693914583,0.0,0.07969405014005865,1
0.9999999981437092,1.0,1.0,0.8475956250763779,0.0513058693914583,0.0,0.0743695353760695,1
0.9999999981437092,1.0,1.0,0.3369180007332274,0.0513058693914583,0.0,0.04363137821989849,1
0.9999999981437092,1.0,1.0,0.765367224734205,0.0513058693914583,0.0,0.09760331612992712,1
0.9999999981437092,1.0,1.0,0.701698643529268,0.0513058693914583,0.0,0.08521998870286318,1
0.9999999981437092,1.0,1.0,0.6557191738971038,0.0513058693914583,0.0,0.0885975965014707,1
0.9999999981437092,1.0,1.0,0.4022974459244776,0.0513058693914583,0.0,0.062045351245253455,1
0.9999999981437092,1.0,1.0,0.5616216546498839,0.0513058693914583,0.0,0.08678731266462014,1
0.9999999981437092,1.0,1.0,0.5999175119149456,0.0513058693914583,0.0,0.09179863105373792,1
0.9999999981437092,1.0,1.0,0.9082854698765734,0.0513058693914583,0.0,0.05598885225982697,1
0.9999999981437092,1.0,1.0,0.5036355859709153,0.0513058693914583,0.0,0.08596204319779954,1
0.9999999981437092,1.0,1.0,0.5203470609800807,0.0513058693914583,0.0,0.09381130226749795,1
0.9999999981437092,1.0,1.0,0.9925607967737994,0.0513058693914583,0.0,0.0017591618249627183,1
0.9999999981437092,1.0,1.0,0.4062232677502138,0.0513058693914583,0.0,0.05941765335257554,1
0.9999999981437092,1.0,1.0,0.5614077966515948,0.0513058693914583,0.0,0.08588474473181906,1
0.9999999981437092,1.0,1.0,0.7458144934620555,0.0513058693914583,0.0,0.08707033906154749,1
0.9999999981437092,1.0,1.0,0.8887632897470366,0.0513058693914583,0.0,0.07971226634940287,1
0.9999999981437092,1.0,1.0,0.7528870829769033,0.0513058693914583,0.0,0.09420290088734551,1
0.9999999981437092,1.0,1.0,0.9369424416473175,0.0513058693914583,0.0,0.053576190928542544,1
0.9999999981437092,1.0,1.0,0.653733349627276,0.0513058693914583,0.0,0.08997213770134993,1
0.9999999981437092,1.0,1.0,0.4833954539899792,0.0513058693914583,0.0,0.0922828485502809,1
0.9999999981437092,1.0,1.0,0.4774685323231089,0.0513058693914583,0.0,0.08706567645406493,1
0.9999999981437092,1.0,1.0,0.3152572406207992,0.0513058693914583,0.0,0.051559584982859896,1
0.9999999981437092,1.0,1.0,0.5738573872662838,0.0513058693914583,0.0,0.07842965495072068,1
0.9999999981437092,1.0,1.0,0.7350910424049859,0.0513058693914583,0.0,0.08763685787923037,1
0.9999999981437092,1.0,1.0,0.2691402908468777,0.0513058693914583,0.0,0.024252836601466765,1
0.9999999981437092,1.0,1.0,0.7704692655505316,0.0513058693914583,0.0,0.09646757480856227,1
0.9999999981437092,1.0,1.0,0.7282017597458145,0.0513058693914583,0.0,0.08955587807937937,1
0.9999999981437092,1.0,1.0,0.2943755346449957,0.0513058693914583,0.0,0.027659447093238865,1
0.9999999981437092,1.0,1.0,0.8673774899181229,0.0513058693914583,0.0,0.08242305761269392,1
0.9999999981437092,1.0,1.0,0.9050775999022364,0.0513058693914583,0.0,0.05732737269184163,1
0.9999999981437092,1.0,1.0,0.4514542343883661,0.0513058693914583,0.0,0.08135388464223414,1
0.9999999981437092,1.0,1.0,0.8877551020408163,0.0513058693914583,0.0,0.07761296054475592,1
0.9999999981437092,1.0,1.0,0.8654680435048271,0.0513058693914583,0.0,0.08742383925896319,1
0.9999999981437092,1.0,1.0,0.8911004521569107,0.0513058693914583,0.0,0.07288664438054243,1
0.9999999981437092,1.0,1.0,0.5913020896981547,0.0513058693914583,0.0,0.09255758514058249,1
0.9999999981437092,1.0,1.0,0.8871288036172553,0.0513058693914583,0.0,0.07966375923368973,1
0.9999999981437092,1.0,1.0,0.7088628864719541,0.0513058693914583,0.0,0.0869518959955159,1
0.9999999981437092,1.0,1.0,0.7748839056580716,0.0513058693914583,0.0,0.09444255231278298,1
0.9999999981437092,1.0,1.0,0.82303250641574,0.0513058693914583,0.0,0.0803708152689277,1
0.9999999981437092,1.0,1.0,0.7946963216424294,0.0513058693914583,0.0,0.08220817329130753,1
0.9999999981437092,1.0,1.0,0.5427868752291336,0.0513058693914583,0.0,0.09784334306068004,1
0.9999999981437092,1.0,1.0,0.6905933031895393,0.0513058693914583,0.0,0.07296855330379376,1
0.9999999981437092,1.0,1.0,0.980141757301723,0.0513058693914583,0.0,0.017592071016604316,1
0.9999999981437092,1.0,1.0,0.6566357081754858,0.0513058693914583,0.0,0.08604766869837421,1
0.9999999981437092,1.0,1.0,0.6371440791885616,0.0513058693914583,0.0,0.08825081616552172,1
0.9999999981437092,1.0,1.0,0.6835512648173042,0.0513058693914583,0.0,0.07695103022319394,1
0.9999999981437092,1.0,1.0,0.3103537822314554,0.0513058693914583,0.0,0.04327798222851492,1
0.9999999981437092,1.0,1.0,0.5968471220823659,0.0513058693914583,0.0,0.09171537578494698,1
0.9999999981437092,1.0,1.0,0.8556916778687523,0.0513058693914583,0.0,0.07760599216876063,1
0.9999999981437092,1.0,1.0,0.9748411340584138,0.0513058693914583,0.0,0.02700911522440047,1
0.9999999981437092,1.0,1.0,0.3682481974825858,0.0513058693914583,0.0,0.06318606140743455,1
0.9999999981437092,1.0,1.0,0.9444274715874372,0.0513058693914583,0.0,0.05481748308374901,1
0.9999999981437092,1.0,1.0,0.7867071978491995,0.0513058693914583,0.0,0.08474001475003778,1
0.9999999981437092,1.0,1.0,0.8026396187217402,0.0513058693914583,0.0,0.07704663590758098,1
0.9999999981437092,1.0,1.0,0.7789777587681779,0.0513058693914583,0.0,0.09288842683711446,1
0.9999999981437092,1.0,1.0,0.9674172064035196,0.0513058693914583,0.0,0.03460307723456851,1
0.9999999981437092,1.0,1.0,0.9685475986801908,0.0513058693914583,0.0,0.03432112449351621,1
0.9999999981437092,1.0,1.0,0.4537913967982402,0.0513058693914583,0.0,0.08584781293430233,1
1.0,0.9999999981437092,1.0,0.0362794818526212,0.9910133719297488,0.0,-0.27812663213962896,-1
0.9999999981437092,1.0,1.0,0.9497739215446658,0.0513058693914583,0.0,0.05229647517412167,1
0.9999999981437092,1.0,1.0,0.7376420628131493,0.0513058693914583,0.0,0.08918652296599405,1
0.9999999981437092,1.0,1.0,0.4259898570206525,0.0513058693914583,0.0,0.06193328961022432,1
0.9999999981437092,1.0,1.0,0.2575766833679579,0.0513058693914583,0.0,0.02497141879807052,1
0.9999999981437092,1.0,1.0,0.9584657216179884,0.0513058693914583,0.0,0.03284538197144604,1
0.9999999981437092,1.0,1.0,0.7499847244286937,0.0513058693914583,0.0,0.09174835647965685,1
0.9999999981437092,1.0,1.0,0.3195955028718074,0.0513058693914583,0.0,0.05255734164806747,1
0.9999999987624728,0.1833192738021915,1.0,0.6762800928754735,0.0095698947959646,0.0,-0.2614533842354011,-1
0.9999999981437092,1.0,1.0,0.381705975803495,0.0513058693914583,0.0,0.07342884413912665,1
0.9999999981437092,1.0,1.0,0.6186606379078577,0.0513058693914583,0.0,0.0839411888431204,1
0.9999999981437092,1.0,1.0,0.8820114872296224,0.0513058693914583,0.0,0.08514399945033196,1
0.9999999981437092,1.0,1.0,0.3887174630331174,0.0513058693914583,0.0,0.06943403337873966,1
0.9999999981437092,1.0,1.0,0.8074514236832457,0.0513058693914583,0.0,0.07644819047812818,1
0.9999999981437092,1.0,1.0,0.5491720640351949,0.0513058693914583,0.0,0.09758721587579916,1
0.9999999981437092,1.0,1.0,0.9445038494439691,0.0513058693914583,0.0,0.05234450138546415,1
0.9999999981437092,1.0,1.0,0.772775876817793,0.0513058693914583,0.0,0.09535398038740461,1
0.9999999981437092,1.0,1.0,0.7970334840523036,0.0513058693914583,0.0,0.07998312693757381,1
0.9999999981437092,1.0,1.0,0.6389924233166321,0.0513058693914583,0.0,0.08704299714915936,1
0.9999999981437092,1.0,1.0,0.6505713063668581,0.0513058693914583,0.0,0.09187372976233171,1
0.9999999981437092,1.0,1.0,0.8348405230355616,0.0513058693914583,0.0,0.08608013375900209,1
0.9999999981437092,1.0,1.0,0.9352163020896982,0.0513058693914583,0.0,0.05195482448090477,1
0.9999999981437092,1.0,1.0,0.7639007698887939,0.0513058693914583,0.0,0.09747850291701377,1
0.9999999981437092,1.0,1.0,0.9509806916778688,0.0513058693914583,0.0,0.049962086931074845,1
0.9999999981437092,1.0,1.0,0.863298912379323,0.0513058693914583,0.0,0.08566023496169245,1
0.9999999981437092,1.0,1.0,0.2818801173163876,0.0513058693914583,0.0,0.025978613878841872,1
0.9999999981437092,1.0,1.0,0.3681870951973603,0.0513058693914583,0.0,0.06347763506031268,1
0.9999999981437092,1.0,1.0,0.313500549920567,0.0513058693914583,0.0,0.046879345906800596,1
0.9999999981437092,1.0,1.0,0.8965843822558963,0.0513058693914583,0.0,0.06711424401396243,1
0.9999999981437092,1.0,1.0,0.2498319687156299,0.0513058693914583,0.0,0.004245708724212149,1
0.9999999981437092,1.0,1.0,0.8752138579982891,0.0513058693914583,0.0,0.07557280093858892,1
0.9999999981437092,1.0,1.0,0.3430435048270805,0.0513058693914583,0.0,0.04511071962882446,1
0.9999999981437092,1.0,1.0,0.315165587192961,0.0513058693914583,0.0,0.05038356099388519,1
0.9999999981437092,1.0,1.0,0.63382928021508,0.0513058693914583,0.0,0.0884802063826311,1
0.9999999981437092,1.0,1.0,0.8654680435048271,0.0513058693914583,0.0,0.08742383925896319,1
0.9999999981437092,1.0,1.0,0.9393407063424172,0.0513058693914583,0.0,0.056182009232875585,1
0.9999999981437092,1.0,1.0,0.8592050592692166,0.0513058693914583,0.0,0.0789511624947945,1
0.9999999981437092,1.0,1.0,0.4115391665648295,0.0513058693914583,0.0,0.0538055959592631,1
0.9999999981437092,1.0,1.0,0.7612275449101796,0.0513058693914583,0.0,0.09628395024520997,1
0.9999999981437092,1.0,1.0,0.3299523402175241,0.0513058693914583,0.0,0.04475138101614934,1
0.9999999981437092,1.0,1.0,0.8597549798362458,0.0513058693914583,0.0,0.08021720747121841,1
0.9999999981437092,1.0,1.0,0.7132622510081877,0.0513058693914583,0.0,0.08517729746443592,1
0.9999999981437092,1.0,1.0,0.2670017108639863,0.0513058693914583,0.0,0.026829445780222505,1
0.9999999981437092,1.0,1.0,0.7198612978125382,0.0513058693914583,0.0,0.08530976814534191,1
0.9999999981437092,1.0,1.0,0.3271263595258463,0.0513058693914583,0.0,0.04967379763639268,1
0.9999999981437092,1.0,1.0,0.8164181840400832,0.0513058693914583,0.0,0.07681285570424046,1
0.9999999981437092,1.0,1.0,0.4737412929243553,0.0513058693914583,0.0,0.0849111911769489,1
0.9999999981437092,1.0,1.0,0.653809727483808,0.0513058693914583,0.0,0.08997213770134993,1
0.9999999981437092,1.0,1.0,0.7544299156788464,0.0513058693914583,0.0,0.0915663904139033,1
0.9999999981437092,1.0,1.0,0.2928021508004399,0.0513058693914583,0.0,0.02539876506035532,1
0.9999999981437092,1.0,1.0,0.3155627520469266,0.0513058693914583,0.0,0.05104609983654973,1
0.9999999981437092,1.0,1.0,0.7016069901014298,0.0513058693914583,0.0,0.08450227157896378,1
0.9999999981437092,1.0,1.0,0.3511701087620677,0.0513058693914583,0.0,0.04748803534881507,1
0.9999999981437092,1.0,1.0,0.7292099474520347,0.0513058693914583,0.0,0.08766878904995706,1
0.9999999981437092,1.0,1.0,0.9192533300745448,0.0513058693914583,0.0,0.04583643444365487,1
0.9999999981437092,1.0,1.0,0.6510601246486618,0.0513058693914583,0.0,0.0919559774977004,1
0.9999999981437092,1.0,1.0,0.377123304411585,0.0513058693914583,0.0,0.06499954979286016,1
0.9999999981437092,1.0,1.0,0.8755040938531101,0.0513058693914583,0.0,0.07557280093858892,1
0.9999999981437092,1.0,1.0,0.9328638641085176,0.0513058693914583,0.0,0.05069984563018082,1
0.9999999981437092,1.0,1.0,0.2446382744714652,0.0513058693914583,0.0,-0.023957074028456704,-1
0.9999999981437092,1.0,1.0,0.9247525357448368,0.0513058693914583,0.0,0.04377485971076106,1
0.9999999981437092,1.0,1.0,0.5446657704998167,0.0513058693914583,0.0,0.09672893396040738,1
0.9999999981437092,1.0,1.0,0.2845380667236954,0.0513058693914583,0.0,0.027716327344249225,1
0.9999999981437092,1.0,1.0,0.7891512892582182,0.0513058693914583,0.0,0.08183239605315534,1
0.9999999981437092,1.0,1.0,0.9558077722106808,0.0513058693914583,0.0,0.040477072576552586,1
0.9999999981437092,1.0,1.0,0.8342753268972259,0.0513058693914583,0.0,0.084935633742655,1
0.9999999981437092,1.0,1.0,0.3006079677379934,0.0513058693914583,0.0,0.03690419499606434,1
0.9999999981437092,1.0,1.0,0.7729286325308566,0.0513058693914583,0.0,0.09553130819713401,1
0.9999999981437092,1.0,1.0,0.5300317731883173,0.0513058693914583,0.0,0.09257114594826649,1
0.9999999981437092,1.0,1.0,0.9272730050103872,0.0513058693914583,0.0,0.04324359013456619,1
0.9999999981437092,1.0,1.0,0.9021141390688012,0.0513058693914583,0.0,0.058638685269412016,1
0.9999999981437092,1.0,1.0,0.9182756935109372,0.0513058693914583,0.0,0.04409948588220719,1
0.9999999981437092,1.0,1.0,0.4408377123304411,0.0513058693914583,0.0,0.07281890838750499,1
0.9999999981437092,1.0,1.0,0.5608578760845656,0.0513058693914583,0.0,0.0853393379853476,1
0.9999999981437092,1.0,1.0,0.8768788952706831,0.0513058693914583,0.0,0.07331105917788988,1
0.9999999981437092,1.0,1.0,0.4932023707686667,0.0513058693914583,0.0,0.09084865115296403,1
0.9999999981437092,1.0,1.0,0.5891176830013443,0.0513058693914583,0.0,0.09042549062536387,1
0.9999999981437092,1.0,1.0,0.6446902114139069,0.0513058693914583,0.0,0.08113828009741597,1
0.9999999981437092,1.0,1.0,0.5124343150433827,0.0513058693914583,0.0,0.09112974694021853,1
0.9999999981437092,1.0,1.0,0.6986282536966882,0.0513058693914583,0.0,0.08401289033961634,1
0.9999999981437092,1.0,1.0,0.3310980080655016,0.0513058693914583,0.0,0.04884682719491518,1
0.9999999981437092,1.0,1.0,0.6023005010387389,0.0513058693914583,0.0,0.0914947509669185,1
0.9999999981437092,1.0,1.0,0.4745814493462055,0.0513058693914583,0.0,0.08525197916952065,1
0.9999999981437092,1.0,1.0,0.9198796284981058,0.0513058693914583,0.0,0.04570832929403218,1
0.9999999981437092,1.0,1.0,0.464652327997067,0.0513058693914583,0.0,0.08371678541039995,1
0.9999999981437092,1.0,1.0,0.28481302700721,0.0513058693914583,0.0,0.02707936186646004,1
0.9999999981437092,1.0,1.0,0.8444946841011853,0.0513058693914583,0.0,0.0689159095764833,1
0.9999999981437092,1.0,1.0,0.6365483319076134,0.0513058693914583,0.0,0.08974026602653706,1
0.9999999981437092,1.0,1.0,0.259409751924722,0.0513058693914583,0.0,0.034671964162002855,1
0.9999999981437092,1.0,1.0,0.7633050226078455,0.0513058693914583,0.0,0.10092141009066685,1
0.9999999981437092,1.0,1.0,0.5488054503238421,0.0513058693914583,0.0,0.09852360585043823,1
0.9999999981437092,1.0,1.0,0.7655810827324941,0.0513058693914583,0.0,0.09787700275911304,1
0.9999999981437092,1.0,1.0,0.6535042160576806,0.0513058693914583,0.0,0.0904334236597576,1
0.9999999981437092,1.0,1.0,0.9500030551142612,0.0513058693914583,0.0,0.05089956684510133,1
0.9999999981437092,1.0,1.0,0.3638335573750458,0.0513058693914583,0.0,0.05851213091677371,1
0.9999999981437092,1.0,1.0,0.8644445802273005,0.0513058693914583,0.0,0.0872224243948726,1
0.9999999981437092,1.0,1.0,0.6364719540510815,0.0513058693914583,0.0,0.08968237891218056,1
0.9999999981437092,1.0,1.0,0.4616430404497128,0.0513058693914583,0.0,0.08220761830516016,1
0.9999999981437092,1.0,1.0,0.5155963583038006,0.0513058693914583,0.0,0.09400174621134877,1
0.9999999981437092,1.0,1.0,0.5559085909813027,0.0513058693914583,0.0,0.08429241374083751,1
0.9999999981437092,1.0,1.0,0.9760479041916168,0.0513058693914583,0.0,0.027960801139828018,1
0.9999999981437092,1.0,1.0,0.942961016742026,0.0513058693914583,0.0,0.05501586217215865,1
0.9999999981437092,1.0,1.0,0.8280887205181474,0.0513058693914583,0.0,0.08057932766457426,1
0.9999999981437092,1.0,1.0,0.9969907124526456,0.0513058693914583,0.0,-0.01405888686605572,-1
0.9999999981437092,1.0,1.0,0.510784553342295,0.0513058693914583,0.0,0.09034449406764877,1
0.9999999981437092,1.0,1.0,0.7636869118905047,0.0513058693914583,0.0,0.09924258030075839,1
0.9999999981437092,1.0,1.0,0.7636410851765856,0.0513058693914583,0.0,0.09924258030075839,1
0.9999999981437092,1.0,1.0,0.7098252474642551,0.0513058693914583,0.0,0.08444567608925929,1
0.9999999987624728,0.2837789181069176,1.0,0.6676646706586826,0.0095698947959646,0.0,-0.23975594857181481,-1
0.9999999981437092,1.0,1.0,0.5337437370157644,0.0513058693914583,0.0,0.09537741778265885,1
0.9999999981437092,1.0,1.0,0.263992423316632,0.0513058693914583,0.0,0.034861463787777214,1
0.9999999981437092,1.0,1.0,0.4934162287669559,0.0513058693914583,0.0,0.09057020762822016,1
0.9999999981437092,1.0,1.0,0.4289685934253941,0.0513058693914583,0.0,0.06234256137129013,1
0.9999999981437092,1.0,1.0,0.3378650861542221,0.0513058693914583,0.0,0.04498400319404894,1
0.9999999981437092,1.0,1.0,0.3873579371868508,0.0513058693914583,0.0,0.07091288455987715,1
0.9999999981437092,1.0,1.0,0.596434681657094,0.0513058693914583,0.0,0.08985138645515117,1
0.9999999981437092,1.0,1.0,0.6359678601979714,0.0513058693914583,0.0,0.0891425098608793,1
0.9999999981437092,1.0,1.0,0.6497464255163143,0.0513058693914583,0.0,0.08900424907971244,1
1.0,0.9999999981437092,1.0,0.0362794818526212,1.0,0.0,-0.2791833328618395,-1
0.9999999981437092,1.0,1.0,0.4066815348894048,0.0513058693914583,0.0,0.05896619534038766,1
0.9999999981437092,1.0,1.0,0.9570603690578028,0.0513058693914583,0.0,0.038317203297539515,1
0.9999999981437092,1.0,1.0,0.9390351949162898,0.0513058693914583,0.0,0.05565567546504224,1
0.9999999981437092,1.0,1.0,0.8876787241842845,0.0513058693914583,0.0,0.07761296054475592,1
0.9999999981437092,1.0,1.0,0.7477086643040449,0.0513058693914583,0.0,0.08920660807508135,1
0.9999999981437092,1.0,1.0,0.2462727606012464,0.0513058693914583,0.0,-0.016216574155295982,-1
0.9999999981437092,1.0,1.0,0.7834687767322498,0.0513058693914583,0.0,0.08551680271920109,1
0.9999999981437092,1.0,1.0,0.4375076377856531,0.0513058693914583,0.0,0.07199041905010556,1
0.9999999981437092,1.0,1.0,0.6728278137602346,0.0513058693914583,0.0,0.06920400694607792,1
0.9999999981437092,1.0,1.0,0.9741690089209336,0.0513058693914583,0.0,0.029111727768346585,1
0.9999999981437092,1.0,1.0,0.8091775632408652,0.0513058693914583,0.0,0.07618497599001872,1
0.9999999981437092,1.0,1.0,0.7005682512525968,0.0513058693914583,0.0,0.08467942009730506,1
0.9999999981437092,1.0,1.0,0.5172919467188073,0.0513058693914583,0.0,0.09160453802243568,1
0.9999999981437092,1.0,1.0,0.6963980202859587,0.0513058693914583,0.0,0.08054512358090826,1
0.9999999981437092,1.0,1.0,0.6853232310888427,0.0513058693914583,0.0,0.07715582034502466,1
0.9999999981437092,1.0,1.0,0.972595625076378,0.0513058693914583,0.0,0.02649011995620154,1
0.9999999981437092,1.0,1.0,0.4274104851521447,0.0513058693914583,0.0,0.06492240788444281,1
0.9999999981437092,1.0,1.0,0.565455823047782,0.0513058693914583,0.0,0.08306217105901825,1
0.9999999981437092,1.0,1.0,0.7338231699865575,0.0513058693914583,0.0,0.08983310710495679,1
0.9999999981437092,1.0,1.0,0.2521996822681168,0.0513058693914583,0.0,0.014632153748262822,1
0.9999999981437092,1.0,1.0,0.5820909202004155,0.0513058693914583,0.0,0.09012693270165345,1
0.9999999981437092,1.0,1.0,0.8978522546743248,0.0513058693914583,0.0,0.06294481845741656,1
0.9999999981437092,1.0,1.0,0.791763411951607,0.0513058693914583,0.0,0.078015852482274,1
0.9999999981437092,1.0,1.0,0.5781039960894537,0.0513058693914583,0.0,0.08362437002264406,1
0.9999999981437092,1.0,1.0,0.993584260051326,0.0513058693914583,0.0,0.0025040759904828014,1
0.9999999981437092,1.0,1.0,0.3019522180129537,0.0513058693914583,0.0,0.0385823343367408,1
0.9999999981437092,1.0,1.0,0.8628864719540511,0.0513058693914583,0.0,0.0868972433533064,1
0.9999999981437092,1.0,1.0,0.7223817670780888,0.0513058693914583,0.0,0.08629911610313407,1
0.9999999981437092,1.0,1.0,0.71943358181596,0.0513058693914583,0.0,0.0855917696076896,1
0.9999999981437092,1.0,1.0,0.8257362825369668,0.0513058693914583,0.0,0.08163239024511304,1
0.9999999981437092,1.0,1.0,0.6005896370524257,0.0513058693914583,0.0,0.09286686879991007,1
0.9999999981437092,1.0,1.0,0.6031559330318954,0.0513058693914583,0.0,0.09129508345753579,1
0.9999999981437092,1.0,1.0,0.6334168397898081,0.0513058693914583,0.0,0.08689632983886764,1
0.9999999981437092,1.0,1.0,0.6231211047293169,0.0513058693914583,0.0,0.08305668909528219,1
0.9999999981437092,1.0,1.0,0.8240559696932666,0.0513058693914583,0.0,0.0819733321305891,1
0.9999999981437092,1.0,1.0,0.4895515092264451,0.0513058693914583,0.0,0.08988669847771152,1
0.9999999981437092,1.0,1.0,0.552715996578272,0.0513058693914583,0.0,0.09209135025513593,1
0.9999999981437092,1.0,1.0,0.2539410973970426,0.0513058693914583,0.0,0.016696461668778972,1
0.9999999981437092,1.0,1.0,0.8911768300134425,0.0513058693914583,0.0,0.07288664438054243,1
0.9999999981437092,1.0,1.0,0.9891543443724796,0.0513058693914583,0.0,0.011907716023067394,1
0.9999999981437092,1.0,1.0,0.2595166809238665,0.0513058693914583,0.0,0.03440245860353108,1
0.9999999981437092,1.0,1.0,0.9268300134425028,0.0513058693914583,0.0,0.04471035077550367,1
0.9999999981437092,1.0,1.0,0.5055908590981303,0.0513058693914583,0.0,0.0885481211759751,1
0.9999999981437092,1.0,1.0,0.4709458633752902,0.0513058693914583,0.0,0.0820581503312362,1
0.9999999981437092,1.0,1.0,0.7697054869852132,0.0513058693914583,0.0,0.09568390361104756,1
0.9999999981437092,1.0,1.0,0.3923988757179518,0.0513058693914583,0.0,0.06964303869400806,1
0.9999999981437092,1.0,1.0,0.9016253207869974,0.0513058693914583,0.0,0.05954714046322063,1
0.9999999981437092,1.0,1.0,0.4818526212880362,0.0513058693914583,0.0,0.08842964987101726,1
0.9999999981437092,1.0,1.0,0.3781773188317243,0.0513058693914583,0.0,0.06900230153723885,1
0.9999999981437092,1.0,1.0,0.8368721740193084,0.0513058693914583,0.0,0.0836022614737848,1
0.9999999981437092,1.0,1.0,0.3920475375779054,0.0513058693914583,0.0,0.06949526541873785,1
0.9999999981437092,1.0,1.0,0.395072100696566,0.0513058693914583,0.0,0.06688830302171617,1
0.9999999981437092,1.0,1.0,0.4297018208480997,0.0513058693914583,0.0,0.06270985692171943,1
0.9999999981437092,1.0,1.0,0.3901686423072223,0.0513058693914583,0.0,0.06740214923253335,1
0.9999999981437092,1.0,1.0,0.4712972015153366,0.0513058693914583,0.0,0.08362342240881765,1
0.9999999981437092,1.0,1.0,0.9996486618599536,0.0513058693914583,0.0,-0.03933694064276527,-1
0.9999999981437092,1.0,1.0,0.7995234021752413,0.0513058693914583,0.0,0.07985714164384577,1
0.9999999981437092,1.0,1.0,0.305297568129048,0.0513058693914583,0.0,0.04118122859894763,1
0.9999999981437092,1.0,1.0,0.2750977636563607,0.0513058693914583,0.0,0.01916130883100231,1
0.9999999981437092,1.0,1.0,0.9886044238054504,0.0513058693914583,0.0,0.012190324488691673,1
0.9999999981437092,1.0,1.0,0.4769644384699987,0.0513058693914583,0.0,0.08706567645406493,1
0.9999999981437092,1.0,1.0,0.4571061957717218,0.0513058693914583,0.0,0.08573813246631595,1
0.9999999981437092,1.0,1.0,0.5637755102040817,0.0513058693914583,0.0,0.08506584490654762,1
0.9999999981437092,1.0,1.0,0.9836398631308813,0.0513058693914583,0.0,0.010361046838292032,1
0.9999999981437092,1.0,1.0,0.8135769277770989,0.0513058693914583,0.0,0.0762688952079173,1
0.9999999981437092,1.0,1.0,0.5221648539655384,0.0513058693914583,0.0,0.09172928635265837,1
0.9999999981437092,1.0,1.0,0.9083618477331052,0.0513058693914583,0.0,0.05568681509153767,1
0.9999999981437092,1.0,1.0,0.8997311499450079,0.0513058693914583,0.0,0.06356789083662134,1
0.9999999981437092,1.0,1.0,0.497586459733594,0.0513058693914583,0.0,0.09102010353856382,1
0.9999999981437092,1.0,1.0,0.5814187950629354,0.0513058693914583,0.0,0.08807158914673119,1
0.9999999981437092,1.0,1.0,0.3790785775388,0.0513058693914583,0.0,0.07036412486176857,1
0.9999999981437092,1.0,1.0,0.427715996578272,0.0513058693914583,0.0,0.06488700973192119,1
0.9999999981437092,1.0,1.0,0.4549523402175241,0.0513058693914583,0.0,0.086120787783385,1
0.9999999981437092,1.0,1.0,0.6799920567029207,0.0513058693914583,0.0,0.07509033928501696,1
0.9999999981437092,1.0,1.0,0.5427715996578272,0.0513058693914583,0.0,0.09784334306068004,1
0.9999999981437092,1.0,1.0,0.5427715996578272,0.0513058693914583,0.0,0.09784334306068004,1
0.9999999981437092,1.0,1.0,0.87941464010754,0.0513058693914583,0.0,0.0782993530269912,1
0.9999999981437092,1.0,1.0,0.8327477697665893,0.0513058693914583,0.0,0.08199997853272378,1
0.9999999981437092,1.0,1.0,0.8387663448612979,0.0513058693914583,0.0,0.08085439464697858,1
0.9999999981437092,1.0,1.0,0.9658438225589636,0.0513058693914583,0.0,0.02911912489571178,1
0.9999999981437092,1.0,1.0,0.5091806183551265,0.0513058693914583,0.0,0.09092916557814185,1
0.9999999981437092,1.0,1.0,0.9403947207625564,0.0513058693914583,0.0,0.05673973380229025,1
0.9999999981437092,1.0,1.0,0.7873487718440669,0.0513058693914583,0.0,0.08355756501326067,1
0.9999999981437092,1.0,1.0,0.5481944274715874,0.0513058693914583,0.0,0.0981041933771179,1
0.9999999981437092,1.0,1.0,0.3209855798606867,0.0513058693914583,0.0,0.055546745409827014,1
0.9999999981437092,1.0,1.0,0.740086154222168,0.0513058693914583,0.0,0.08512787143052275,1
0.9999999981437092,1.0,1.0,0.3859831357692778,0.0513058693914583,0.0,0.07068538482595726,1
0.9999999981437092,1.0,1.0,0.9961352804594892,0.0513058693914583,0.0,-0.006307638622501277,-1
0.9999999981437092,1.0,1.0,0.9218501771966272,0.0513058693914583,0.0,0.043743314285106305,1
0.9999999981437092,1.0,1.0,0.4933551264817304,0.0513058693914583,0.0,0.09084865115296403,1
0.9999999981437092,1.0,1.0,0.4984571672980569,0.0513058693914583,0.0,0.08750710478204793,1
0.9999999981437092,1.0,1.0,0.8886410851765856,0.0513058693914583,0.0,0.07971226634940287,1
0.9999999981437092,1.0,1.0,0.4553495050714897,0.0513058693914583,0.0,0.08517413686700565,1
0.9999999981437092,1.0,1.0,0.6021324697543688,0.0513058693914583,0.0,0.0914947509669185,1
0.9999999981437092,1.0,1.0,0.992255285347672,0.0513058693914583,0.0,0.002435955950293056,1
0.9999999981437092,1.0,1.0,0.9700904313821336,0.0513058693914583,0.0,0.03121803364427228,1
0.9999999981437092,1.0,1.0,0.3646431626542832,0.0513058693914583,0.0,0.06030984624057262,1
0.9999999981437092,1.0,1.0,0.2490681901503116,0.0513058693914583,0.0,0.0034014067495702904,1
0.9999999981437092,1.0,1.0,0.5430771110839545,0.0513058693914583,0.0,0.09726326112259004,1
0.9999999981437092,1.0,1.0,0.5516925333007454,0.0513058693914583,0.0,0.09287604116449327,1
0.9999999981437092,1.0,1.0,0.583817059758035,0.0513058693914583,0.0,0.09028153024410857,1
0.9999999981437092,1.0,1.0,0.3665984357814982,0.0513058693914583,0.0,0.05897799624459821,1
0.9999999981437092,1.0,1.0,0.421178052059147,0.0513058693914583,0.0,0.05656030763912273,1
0.9999999981437092,1.0,1.0,0.9579310766222656,0.0513058693914583,0.0,0.03810595679865575,1
0.9999999981437092,1.0,1.0,0.6809849688378345,0.0513058693914583,0.0,0.07693127069617245,1
0.9999999981437092,1.0,1.0,0.4274868630086765,0.0513058693914583,0.0,0.06492240788444281,1
0.9999999981437092,1.0,1.0,0.6008951484785531,0.0513058693914583,0.0,0.09286686879991007,1
0.9999999981437092,1.0,1.0,0.6686575827935964,0.0513058693914583,0.0,0.06864911376098443,1
0.9999999981437092,1.0,1.0,0.4516680923866553,0.0513058693914583,0.0,0.08274932074319141,1
0.9999999981437092,1.0,1.0,0.3405535867041427,0.0513058693914583,0.0,0.04505394054372963,1
0.9999999981437092,1.0,1.0,0.2711719418306245,0.0513058693914583,0.0,0.024007449000610748,1
0.9999999981437092,1.0,1.0,0.7527190516925333,0.0513058693914583,0.0,0.09420290088734551,1
0.9999999981437092,1.0,1.0,0.9877031650983746,0.0513058693914583,0.0,0.017638331818882025,1
0.9999999981437092,1.0,1.0,0.3839209336429182,0.0513058693914583,0.0,0.07024375596305205,1
0.9999999981437092,1.0,1.0,0.527648784064524,0.0513058693914583,0.0,0.08809415417746241,1
0.9999999981437092,1.0,1.0,0.6980630575583526,0.0513058693914583,0.0,0.08444151842732855,1
0.9999999981437092,1.0,1.0,0.7582182573628253,0.0513058693914583,0.0,0.09555487673882263,1
0.9999999981437092,1.0,1.0,0.966852010265184,0.0513058693914583,0.0,0.02993578174091871,1
0.9999999981437092,1.0,1.0,0.5747586459733594,0.0513058693914583,0.0,0.07842965495072068,1
0.9999999981437092,1.0,1.0,0.9684559452523523,0.0513058693914583,0.0,0.03470322289626082,1
0.9999999981437092,1.0,1.0,0.4949285103262862,0.0513058693914583,0.0,0.09322855879730185,1
0.9999999981437092,1.0,1.0,0.2617774654772088,0.0513058693914583,0.0,0.03225495342396856,1
0.9999999981437092,1.0,1.0,0.9662257118416228,0.0513058693914583,0.0,0.03033734581841996,1
0.9999999981437092,1.0,1.0,0.6636319198338018,0.0513058693914583,0.0,0.07090951315809452,1
0.9999999981437092,1.0,1.0,0.550256629597947,0.0513058693914583,0.0,0.09523793613805759,1
0.9999999981437092,1.0,1.0,0.9303281192716608,0.0513058693914583,0.0,0.04646720036994867,1
0.9999999981437092,1.0,1.0,0.9462299890015886,0.0513058693914583,0.0,0.05181268181889076,1
0.9999999981437092,1.0,1.0,0.6050501038738849,0.0513058693914583,0.0,0.09032587843739104,1
0.9999999981437092,1.0,1.0,0.765489429304656,0.0513058693914583,0.0,0.09787700275911304,1
0.9999999981437092,1.0,1.0,0.3310980080655016,0.0513058693914583,0.0,0.04884682719491518,1
0.9999999981437092,1.0,1.0,0.9306183551264816,0.0513058693914583,0.0,0.04863979262082907,1
0.9999999981437092,1.0,1.0,0.9853812782598068,0.0513058693914583,0.0,0.011155344230001307,1
0.9999999981437092,1.0,1.0,0.7104668214591225,0.0513058693914583,0.0,0.08582911459378023,1
0.9999999981437092,1.0,1.0,0.7134302822925578,0.0513058693914583,0.0,0.08461254244485367,1
0.9999999981437092,1.0,1.0,0.5474459244775755,0.0513058693914583,0.0,0.09672423450695367,1
0.9999999981437092,1.0,1.0,0.5912868141268484,0.0513058693914583,0.0,0.09255758514058249,1
0.9999999981437092,1.0,1.0,0.7289808138824392,0.0513058693914583,0.0,0.08794919497086529,1
0.9999999981437092,1.0,1.0,0.7279573506049126,0.0513058693914583,0.0,0.08899705204581015,1
0.9999999981437092,1.0,1.0,0.3486954662104363,0.0513058693914583,0.0,0.04651815549519406,1
0.9999999981437092,1.0,1.0,0.5329799584504461,0.0513058693914583,0.0,0.0953718233656986,1
0.9999999981437092,1.0,1.0,0.9778198704631552,0.0513058693914583,0.0,0.02489858006885931,1
0.9999999981437092,1.0,1.0,0.2635952584626665,0.0513058693914583,0.0,0.0349629841125661,1
0.9999999981437092,1.0,1.0,0.7250397164853966,0.0513058693914583,0.0,0.08803920891372996,1
0.9999999981437092,1.0,1.0,0.7708358792618843,0.0513058693914583,0.0,0.09649317593307721,1
0.9999999981437092,1.0,1.0,0.8374373701576439,0.0513058693914583,0.0,0.0820100875794349,1
0.9999999981437092,1.0,1.0,0.3205273127214957,0.0513058693914583,0.0,0.05437803913708733,1
